{
    "id": 107740,
    "name": "4.7.16 Beta 1",
    "steps": {
        "queries": false,
        "lang": true,
        "theme": false,
        "themeSettings": false,
        "javascript": true,
        "emailTemplates": false,
        "hooks": false,
        "acpSearchKeywords": false,
        "settings": false,
        "tasks": false,
        "modules": false,
        "widgets": false,
        "customOptions": false,
        "customRoutines": false
    },
    "forceMainUpgrader": true,
    "forceManualDownloadNoCiC": false,
    "forceManualDownloadCiC": false
}